display_name,stub,dropdown_parent
Home,/,
Explore the Exhibit,,
In Harm's Way Virtual Walkthrough,/walkthrough.html,Explore the Exhibit
Looking Back,/lookingback.html,Explore the Exhibit
Sandy Irene and Lee,/sandy.html,Explore the Exhibit
Looking Forwards,/lookingforwards.html,Explore the Exhibit
Browse,/browse.html,
Data Visualization,,
Collection Subjects,/subjects.html,Data Visualization
Locations,/locations.html,Data Visualization
Map,/map.html,Data Visualization
Timeline,/timeline.html,Data Visualization
About,/about.html,
Data,/data.html,

